{"0": {"0": 0.0, "1": 0.11146947741508484, "2": 0.02510063908994198, "3": 0.22171084582805634, "4": 0.2947348952293396, "5": 0.5191745758056641, "6": 109.05068969726562, "7": 0.7714444398880005, "8": 5.788558006286621, "9": 0.09687638282775879, "10": 0.28557679057121277, "11": 10.776631355285645, "12": 0.0007577555952593684, "13": 0.0, "14": 0.3827560245990753, "15": 0.6709999442100525, "16": 0.0005971034988760948, "17": 0.10621003806591034, "18": 0.012381291948258877, "19": 0.0, "20": 0.0, "21": 0.07294858247041702, "22": 0.15439973771572113, "23": 4.426835060119629, "24": 0.013108578510582447, "25": 0.03160414844751358, "26": 0.3107185959815979, "27": 0.033603593707084656, "28": 0.39534610509872437, "29": 0.4265015423297882, "30": 4.352643372840248e-06, "31": 9.100981515075546e-06, "32": 48.18861770629883, "33": 0.014534794725477695, "34": 2.404881477355957, "35": 0.009333253838121891, "36": 0.2947238087654114, "37": 0.0006489395163953304, "38": 2.3936514854431152, "39": 0.007689537946134806, "40": 0.0003838239936158061, "41": 2.1265830993652344, "42": 2.1284186840057373, "43": 0.007009206339716911, "44": 21.386455535888672, "45": 21.31631851196289, "46": 0.01985570415854454, "47": 1.5586739778518677, "48": 0.3356645107269287, "49": 1.5361593961715698, "50": 0.1324118971824646, "51": 0.0056133270263671875, "52": 0.00011198163701919839, "53": 4.3922125769313425e-05, "54": 0.9773181080818176, "55": 11.323318481445312, "56": 0.0072125936858356, "57": 0.024132899940013885, "58": 1.388912320137024, "59": 0.004371108952909708, "60": 0.00015471667575184256, "61": 47.01365661621094, "62": 103.65612030029297, "63": 7.337461948394775, "64": 0.8926085233688354, "65": 13.097451210021973, "66": 0.38626766204833984, "67": 0.047169461846351624, "68": 0.07960470020771027, "69": 0.03759153559803963}, "fps": 2, "nFrames": 70, "height": 2340, "width": 1080}